type,name,module,path,hash
"csv","agent-manifest","_config","_config/agent-manifest.csv","61ec17b11761d848a01059ecc75a5a0077ad86fc057c05609c111e35edd83fcc"
"csv","task-manifest","_config","_config/task-manifest.csv","1ef8d7a48d83e6f7c6da7f2169e28198f3abf08699f3f817258076fe0a2c2ee8"
"csv","workflow-manifest","_config","_config/workflow-manifest.csv","257775f34d7e1f258776eda4dd431bcf1ebcfdf3226e65140ac817f81ad69e2c"
"yaml","manifest","_config","_config/manifest.yaml","7fa6648fb4834e9cfd8275526e5fc728edf5bb2fb0aa606663878cf27b4d6271"
"md","documentation-standards","_memory","_memory/tech-writer-sidecar/documentation-standards.md","6e7ac71138275d95c3c9160f3dffe1d6c4cc77bb97231b60b5463a6cdf42adba"
"yaml","config","_memory","_memory/config.yaml","d9e67df9d0c24382e9c12e73e76fed7a563387511b63ad0cef2ee17ff8f863ed"
"csv","default-party","bmm","bmm/teams/default-party.csv","f66375005533a314cff7275e30cc6bba95b5adfe62a85c5e6be2ec81b43b901b"
"csv","documentation-requirements","bmm","bmm/workflows/document-project/documentation-requirements.csv","efc91d54787939a2dd2c22400e6b9b6f58835a741ea557e8971b5b333ce666e8"
"csv","domain-complexity","bmm","bmm/workflows/2-plan-workflows/create-prd/data/domain-complexity.csv","4b0d69891b11300bd9228ccfa84a508e76cb702e7abddfc394c5e98d7d3680e1"
"csv","domain-complexity","bmm","bmm/workflows/3-solutioning/create-architecture/data/domain-complexity.csv","e3d5b01acfdfd9b69d708c7e27f74f4e7366ed72bba16a401ad84a1690711336"
"csv","module-help","bmm","bmm/module-help.csv","8ee517a6c4ce3b547ab45132b9106956be9dd3cf794517e012a95404bafc2b71"
"csv","project-types","bmm","bmm/workflows/2-plan-workflows/create-prd/data/project-types.csv","2ea18a3e100f51cf26f0311949e7b7f76c6005e85271df0afd8d1b5632faaf57"
"csv","project-types","bmm","bmm/workflows/3-solutioning/create-architecture/data/project-types.csv","a2ae4c8f0b8f2dcfe8d6b71588e79dcfa209b54abb51e83382c483dc8a8f1683"
"json","project-scan-report-schema","bmm","bmm/workflows/document-project/templates/project-scan-report-schema.json","771e1c446307bc429d7704950bc7b84b053f951560a41786157544cc542ba9eb"
"md","architecture-decision-template","bmm","bmm/workflows/3-solutioning/create-architecture/architecture-decision-template.md","3ee60feb64da70751a2cd4af5aa4792d528b5f2d178894974aa4e1a700a3bb2a"
"md","checklist","bmm","bmm/workflows/4-implementation/code-review/checklist.md","dce9eaefa805082b447b2db3cef98cba72d71eb9fae62c7ebd5c0760340134cb"
"md","checklist","bmm","bmm/workflows/4-implementation/correct-course/checklist.md","2cc4b49d5d0002c04f3d7dca38ba84d5210dda067267f855facd3201e209fd9a"
"md","checklist","bmm","bmm/workflows/4-implementation/create-story/checklist.md","255a6041080e69ef3711522103a4cd741520a789c4009ac2ba122287b9cfeb9c"
"md","checklist","bmm","bmm/workflows/4-implementation/dev-story/checklist.md","277b5b2157d37162ed6eb1b4cdfe08bb4100fe719994a8ac8d019339a458995b"
"md","checklist","bmm","bmm/workflows/4-implementation/sprint-planning/checklist.md","cc4f8e9411dbf9e644333790f867d74027aae3721cbc7f11d574536bf903a0aa"
"md","checklist","bmm","bmm/workflows/document-project/checklist.md","3b6856939315f71dc3ecc5a098c961fdc9f3615d3a032f0bc3dad565ac17bc38"
"md","checklist","bmm","bmm/workflows/qa-generate-e2e-tests/checklist.md","0673c7453e3f181fa43703670a02a65d1af2e7173bb98df543a6b575e8aa0ec6"
"md","deep-dive-instructions","bmm","bmm/workflows/document-project/workflows/deep-dive-instructions.md","fa81a9b7e8680b57fd14a1f0e35941ee9c63c9a35265976c16d6443349470279"
"md","deep-dive-template","bmm","bmm/workflows/document-project/templates/deep-dive-template.md","2d098bb425f58d1d49ab5c6b7c1a8c92af9271d281bacafe000fed059a1a206d"
"md","epics-template","bmm","bmm/workflows/3-solutioning/create-epics-and-stories/templates/epics-template.md","01a447a3035879897661b793ddcdc77beea407b583232a7c6ddf46eabc51c817"
"md","full-scan-instructions","bmm","bmm/workflows/document-project/workflows/full-scan-instructions.md","ca36d2d00dd7aecfc22ea5c72b25bea8796b29eeebc8a0f88e5640f190943dd9"
"md","index-template","bmm","bmm/workflows/document-project/templates/index-template.md","0e077c2d9d9ccb149a64ed82e67914d90571e23696687cf7a08ac5f2a8b18306"
"md","instructions","bmm","bmm/workflows/4-implementation/correct-course/instructions.md","a7e2f7048c0977d288bb6363fe72e54769a3d4acb418d2c3cd7425ccf3b16914"
"md","instructions","bmm","bmm/workflows/4-implementation/retrospective/instructions.md","65ae3c4779cf29012c4593c3abff8ac8394da9f3cf1895fb248d2f6b735240bb"
"md","instructions","bmm","bmm/workflows/4-implementation/sprint-planning/instructions.md","1a78e7cd483e38cd0aefef33d1b3ed3fc474db7c78ad6f8a13f992ad25948ef6"
"md","instructions","bmm","bmm/workflows/4-implementation/sprint-status/instructions.md","9b442021856d43bda671256b94e7d1039de3c58de235ffe2029a3c76cead3146"
"md","instructions","bmm","bmm/workflows/document-project/instructions.md","0c7f34267add360fb9f60cee9a7e59bb8e1af6b4c705ac9cfe822a7cbe5ccd33"
"md","instructions","bmm","bmm/workflows/qa-generate-e2e-tests/instructions.md","e0f68a98260422078167096784f945c7571959b01ffb88f3c31a9accb1ece753"
"md","prd-purpose","bmm","bmm/workflows/2-plan-workflows/create-prd/data/prd-purpose.md","8c49b3da98b13048ef3c9a2a51fa97747976fe7f4858bf03c63a79c1c7310110"
"md","prd-template","bmm","bmm/workflows/2-plan-workflows/create-prd/templates/prd-template.md","d474ed4ecb6d4a627c9da54ed8d79f156671d7557a7e6a64c9f24c29b8216a71"
"md","product-brief.template","bmm","bmm/workflows/1-analysis/create-product-brief/product-brief.template.md","26663c3e21ed5c03f1ca8c558910e57d11c2423083ad4bef63897e77bddc6760"
"md","project-context-template","bmm","bmm/data/project-context-template.md","161d25f4a4c99601ceb5308c14e8ca514963a84669c504711987295940ce4e7d"
"md","project-context-template","bmm","bmm/workflows/generate-project-context/project-context-template.md","9fc198ae90a30c2555fb4d8c8b5ec463ceca03bdae80a2d48f4b623b1e65e7a6"
"md","project-overview-template","bmm","bmm/workflows/document-project/templates/project-overview-template.md","fd1ae5724b19829feb79245b5249c3ebf3cee30d07776939d87c7563e5bf76fd"
"md","readiness-report-template","bmm","bmm/workflows/3-solutioning/check-implementation-readiness/templates/readiness-report-template.md","79e63524734308aca3ff4c40fdfaf87521bcea2e94ad0583b47d15915d800733"
"md","research.template","bmm","bmm/workflows/1-analysis/research/research.template.md","94f97bc59c113d947c6f2e1166095e1eebd8aadffb03d4bd188aeec9e51366d6"
"md","source-tree-template","bmm","bmm/workflows/document-project/templates/source-tree-template.md","f0094b1e0a9770c8c408b86f978b660c253fe99affcf2b67e1cf7aa9b40e74cb"
"md","step-01-clarify-and-route","bmm","bmm/workflows/bmad-quick-flow/quick-dev-new-preview/steps/step-01-clarify-and-route.md","e5e8bc589895e8118865cc825756c8a209b749babdd01567194ed79933a2afee"
"md","step-01-discover","bmm","bmm/workflows/generate-project-context/steps/step-01-discover.md","d31c422ef29a07d982fdfb673a592160987a4e69720d1368d9a159ec128dc18a"
"md","step-01-document-discovery","bmm","bmm/workflows/3-solutioning/check-implementation-readiness/steps/step-01-document-discovery.md","0bcf8f995b466689ebe8b1cd296f943a64fa80d61ddddb07e0c5352dd74dc1e3"
"md","step-01-init","bmm","bmm/workflows/1-analysis/create-product-brief/steps/step-01-init.md","36b9c416f46ccbfe672b2965e09c56d0f442d5b1ffeed4d32974da12de0f40f5"
"md","step-01-init","bmm","bmm/workflows/1-analysis/research/domain-steps/step-01-init.md","252215ebb63b7ac2cb7b616911238e4967605b064d64e23b654f2db467ee5a15"
"md","step-01-init","bmm","bmm/workflows/1-analysis/research/market-steps/step-01-init.md","1614edf2c9f7caa73ddb88c5012a6882c2ade48c9dbff4497bc17886352db14e"
"md","step-01-init","bmm","bmm/workflows/1-analysis/research/technical-steps/step-01-init.md","f21f9da15290b5a5553971555c702047ebbed148a5d2625772d8990c1d67e283"
"md","step-01-init","bmm","bmm/workflows/2-plan-workflows/create-prd/steps-c/step-01-init.md","87578c639e59351d29cdcab344ab2076f45ef46a43e1c649288ab642309ab131"
"md","step-01-init","bmm","bmm/workflows/2-plan-workflows/create-ux-design/steps/step-01-init.md","49bbc98b3ed4def17f18439a45f4228337d7c8dd373dd482c0c65f2842fc5b23"
"md","step-01-init","bmm","bmm/workflows/3-solutioning/create-architecture/steps/step-01-init.md","45b13ed8f0ea9eeaa15d738a0d84ea2e520f180bb24f23b8a59a91ace161d05e"
"md","step-01-mode-detection","bmm","bmm/workflows/bmad-quick-flow/quick-dev/steps/step-01-mode-detection.md","1dc53e087a9291fa25725f23b7f5c34d9ac6b03aad061aa66d0844c09033f42b"
"md","step-01-understand","bmm","bmm/workflows/bmad-quick-flow/quick-spec/steps/step-01-understand.md","68a6d5a49b848ac983341ba4bc853a591e432cb8dd4b04bafeb5138c8af9eb16"
"md","step-01-validate-prerequisites","bmm","bmm/workflows/3-solutioning/create-epics-and-stories/steps/step-01-validate-prerequisites.md","3112253a56f53d0bedc0b074b5b1a6284e90093aaa026136100a763e12baa9d6"
"md","step-01b-continue","bmm","bmm/workflows/1-analysis/create-product-brief/steps/step-01b-continue.md","9ae704e14a618b78a5427a50fc2c5d1d6b295fc45e9a63c253d1699a21f32154"
"md","step-01b-continue","bmm","bmm/workflows/2-plan-workflows/create-prd/steps-c/step-01b-continue.md","841ac5d334a4f52673f6e458c68f7bff14d0dfa71c3f4cec19aade5be2181394"
"md","step-01b-continue","bmm","bmm/workflows/2-plan-workflows/create-ux-design/steps/step-01b-continue.md","693e77603ed8a7831ab8a9f53195dd27d40817e3c5f99f379247dcc8c5d8b506"
"md","step-01b-continue","bmm","bmm/workflows/3-solutioning/create-architecture/steps/step-01b-continue.md","4588ac3319326616b463da8e810807e899466452c3a9e2232a90dc843a0a47c4"
"md","step-02-context","bmm","bmm/workflows/3-solutioning/create-architecture/steps/step-02-context.md","58a4d8cb36693e9da0ac30777bd4062abab2ecb68cf1d02583801e69d2eb4f83"
"md","step-02-context-gathering","bmm","bmm/workflows/bmad-quick-flow/quick-dev/steps/step-02-context-gathering.md","384ac1110c3df0d151b4aeb93ba44e11dbb9cd1282f281b27a06a3481b00e703"
"md","step-02-customer-behavior","bmm","bmm/workflows/1-analysis/research/market-steps/step-02-customer-behavior.md","81de908286833895523fe2f41a1ee9f96a3f97cb5360772b66adf46b5f0a3121"
"md","step-02-design-epics","bmm","bmm/workflows/3-solutioning/create-epics-and-stories/steps/step-02-design-epics.md","57ab5f8bfa6e01ffcfbfafd04e9f0e36ee3d2e35efaa7aeb59059f608de951e7"
"md","step-02-discovery","bmm","bmm/workflows/2-plan-workflows/create-prd/steps-c/step-02-discovery.md","6dbb58d0457baa0a378385c749ea0bfb008a2a5bd9fe1a3e2d2f9a3c76a34a22"
"md","step-02-discovery","bmm","bmm/workflows/2-plan-workflows/create-ux-design/steps/step-02-discovery.md","d90af2bfdb971d90e420702e7843769fc7d2a1421ac7f46181e50ee29bf47fbe"
"md","step-02-domain-analysis","bmm","bmm/workflows/1-analysis/research/domain-steps/step-02-domain-analysis.md","2f92db28d716d4b22d1ab9b8bd5336198e33a57d509bf98c90caea29f308c7aa"
"md","step-02-generate","bmm","bmm/workflows/generate-project-context/steps/step-02-generate.md","f4edb363b2df0085ac81365e96e7957f05f1ba0e37684063f2b4a521dc50d4cc"
"md","step-02-investigate","bmm","bmm/workflows/bmad-quick-flow/quick-spec/steps/step-02-investigate.md","dcc9a0c402e39b4ff87a87dd752bfe5a548c5a37624de1eb51da4f9d6a413966"
"md","step-02-plan","bmm","bmm/workflows/bmad-quick-flow/quick-dev-new-preview/steps/step-02-plan.md","105299d85147a87c47c32e79db09eb2c6a9c3146a6880a60ce967ac7ba39cb76"
"md","step-02-prd-analysis","bmm","bmm/workflows/3-solutioning/check-implementation-readiness/steps/step-02-prd-analysis.md","95c0c0feade640c467a6b357a3beb37cbf6376128b6cb64c49593411fd1746e4"
"md","step-02-technical-overview","bmm","bmm/workflows/1-analysis/research/technical-steps/step-02-technical-overview.md","588c1c93074cdfbec956b8279699ee268fd691a6a7d1d730c5abeb7e61a3472b"
"md","step-02-vision","bmm","bmm/workflows/1-analysis/create-product-brief/steps/step-02-vision.md","59a60b721c36704cd61e23ed848fff296ec441eb9323d106e1204359fb462303"
"md","step-02b-vision","bmm","bmm/workflows/2-plan-workflows/create-prd/steps-c/step-02b-vision.md","214625f8bd9aa98df6198b49f357bee0394e553fc02e342c66c347290f42d609"
"md","step-02c-executive-summary","bmm","bmm/workflows/2-plan-workflows/create-prd/steps-c/step-02c-executive-summary.md","a5ccc20ea59005f8d9e2d906a67fea66079548b882caed8847c54fbb3f1f5514"
"md","step-03-competitive-landscape","bmm","bmm/workflows/1-analysis/research/domain-steps/step-03-competitive-landscape.md","ed7bb7fa8b32e769b598e26fccf3edb60e0490110716006c47ae8caa433ae452"
"md","step-03-complete","bmm","bmm/workflows/generate-project-context/steps/step-03-complete.md","0db98d6ca82fe9a33c54bbf4f81be78450844acbedbd18fbe9243d1bd42d12d1"
"md","step-03-core-experience","bmm","bmm/workflows/2-plan-workflows/create-ux-design/steps/step-03-core-experience.md","8e7185deb9dbb3b1139848d8af3a32b4bf96b1662c7b8b6d0d2e9b036e544506"
"md","step-03-create-stories","bmm","bmm/workflows/3-solutioning/create-epics-and-stories/steps/step-03-create-stories.md","aa644810926ec3e4ce0a5d10e4457a5bf4da4c9af2bf85907dd7ce73636b421b"
"md","step-03-customer-pain-points","bmm","bmm/workflows/1-analysis/research/market-steps/step-03-customer-pain-points.md","e7c89f223718fd09f453985863a6dde852fd1c21a31b2160988524013a41e989"
"md","step-03-epic-coverage-validation","bmm","bmm/workflows/3-solutioning/check-implementation-readiness/steps/step-03-epic-coverage-validation.md","25679097381a8beae4dbbcf9b401aee85291fe73b70023d009ad23349cd66628"
"md","step-03-execute","bmm","bmm/workflows/bmad-quick-flow/quick-dev/steps/step-03-execute.md","a8e88d700bb09fc4ea75fa576352d20f49e832dab0630195a4621abec23dca6d"
"md","step-03-generate","bmm","bmm/workflows/bmad-quick-flow/quick-spec/steps/step-03-generate.md","44bf9a5ce684cb4ae15dff6a2e03b9f7e5220b140bd0dc757a8adf9d2e0bac5b"
"md","step-03-implement","bmm","bmm/workflows/bmad-quick-flow/quick-dev-new-preview/steps/step-03-implement.md","81a61f7ebc35f89c4bd106cb24a7c59238355de9f62e76e0fb70a2944969455e"
"md","step-03-integration-patterns","bmm","bmm/workflows/1-analysis/research/technical-steps/step-03-integration-patterns.md","4a41445a8800aaaedc532c39c0d7672bca968b7638461894c743ad005bf77725"
"md","step-03-starter","bmm","bmm/workflows/3-solutioning/create-architecture/steps/step-03-starter.md","1cb858a714d6332ae8a653903b28d775c8e1012cafd9f291b01925413847d76c"
"md","step-03-success","bmm","bmm/workflows/2-plan-workflows/create-prd/steps-c/step-03-success.md","b37fe604ede0f59068631218f650483d36d4e768dcc65031efe5d04586aa67d4"
"md","step-03-users","bmm","bmm/workflows/1-analysis/create-product-brief/steps/step-03-users.md","2099492dfcc591f5d8b829798606e40cb19c201f9034e42b5afca86b1e962678"
"md","step-04-architectural-patterns","bmm","bmm/workflows/1-analysis/research/technical-steps/step-04-architectural-patterns.md","8084e88b557afd110b01124b3337595d69a0a816f1c686e6912606d30cd9d26c"
"md","step-04-customer-decisions","bmm","bmm/workflows/1-analysis/research/market-steps/step-04-customer-decisions.md","6ac4903264f3f68ef8544e27b4fa3c4a56817006fc464aa27a7e1cfb28b36c65"
"md","step-04-decisions","bmm","bmm/workflows/3-solutioning/create-architecture/steps/step-04-decisions.md","d45049cdfe0fd93ab2f0a635c59439dda0141447ce363446249c8254a11896d4"
"md","step-04-emotional-response","bmm","bmm/workflows/2-plan-workflows/create-ux-design/steps/step-04-emotional-response.md","442978d4b3b8860f1046142b176039a06d1da3ea9275c7c445a24318c665fad4"
"md","step-04-final-validation","bmm","bmm/workflows/3-solutioning/create-epics-and-stories/steps/step-04-final-validation.md","aa212f6eebcd017ed9010589eaeee6c7bdee4a6ac435383815cfcaf4d54b3c9b"
"md","step-04-journeys","bmm","bmm/workflows/2-plan-workflows/create-prd/steps-c/step-04-journeys.md","525a4c37a5392b5a8a722479ab2a2b242e00a927879500a5639d900ee863b6ca"
"md","step-04-metrics","bmm","bmm/workflows/1-analysis/create-product-brief/steps/step-04-metrics.md","2d38c28434a75c201d9af96705571996a13157951f12a2f52eb70508b2d3c991"
"md","step-04-regulatory-focus","bmm","bmm/workflows/1-analysis/research/domain-steps/step-04-regulatory-focus.md","c50a92caacd3651ba3621680947dfde5e60bca99a47d5f5dafaaa64b3dbd92cf"
"md","step-04-review","bmm","bmm/workflows/bmad-quick-flow/quick-dev-new-preview/steps/step-04-review.md","be32d1ae0205b87c70b11e0436949a2bb6bf267eae96be045655a663df17374c"
"md","step-04-review","bmm","bmm/workflows/bmad-quick-flow/quick-spec/steps/step-04-review.md","96614130496998844edc0dfe046a78c7e1bbf487ef3606ba3723ef7e28a42bfa"
"md","step-04-self-check","bmm","bmm/workflows/bmad-quick-flow/quick-dev/steps/step-04-self-check.md","3b946f7e46f74fc83f032dfe6d7c8bccb22a413dec33d20e8ebac4bee44b5c3f"
"md","step-04-ux-alignment","bmm","bmm/workflows/3-solutioning/check-implementation-readiness/steps/step-04-ux-alignment.md","b95a76b116cdea022a7684e871eb187e2ad97060b953f846042e19c9d4826139"
"md","step-05-adversarial-review","bmm","bmm/workflows/bmad-quick-flow/quick-dev/steps/step-05-adversarial-review.md","c61e6fe0e1c8160e56e27064761faa080f3f199950521f2d7ad72b7797e22745"
"md","step-05-competitive-analysis","bmm","bmm/workflows/1-analysis/research/market-steps/step-05-competitive-analysis.md","4733dc8a222252f9ad44b04308f70f323a915cc8332db34540b36f687f45806a"
"md","step-05-domain","bmm","bmm/workflows/2-plan-workflows/create-prd/steps-c/step-05-domain.md","1ecd35f12feb4cd9db15775532f4f8f3ca98a82b6a730b42987b7d74f404d2d3"
"md","step-05-epic-quality-review","bmm","bmm/workflows/3-solutioning/check-implementation-readiness/steps/step-05-epic-quality-review.md","389647fea53bc93af408546ca8926f16cfd26e1b95eb871dd147a61a10c0f4d0"
"md","step-05-implementation-research","bmm","bmm/workflows/1-analysis/research/technical-steps/step-05-implementation-research.md","9c1cdb8ba49cf285c96994e012b203e5ef6c9851ba2d0505ec96502490f7567a"
"md","step-05-inspiration","bmm","bmm/workflows/2-plan-workflows/create-ux-design/steps/step-05-inspiration.md","da22c4ccc6bfaee5448825570e67f9e3341eb082d58dc192e620953a47033219"
"md","step-05-patterns","bmm","bmm/workflows/3-solutioning/create-architecture/steps/step-05-patterns.md","80d68cfeaa766d36b48a549575294fc791977596b20b7609c5da2b7d90267bcd"
"md","step-05-present","bmm","bmm/workflows/bmad-quick-flow/quick-dev-new-preview/steps/step-05-present.md","56e475b88d1da3a95ea94d2ca415d98d944e2ab6c8b366ca993287c5b461c64b"
"md","step-05-scope","bmm","bmm/workflows/1-analysis/create-product-brief/steps/step-05-scope.md","cf837a0e05ecc7caa386aef0a3d5be84f46d368c6e0dc0acf8f1dc28391bb66d"
"md","step-05-technical-trends","bmm","bmm/workflows/1-analysis/research/domain-steps/step-05-technical-trends.md","402f59a73a7c5a7600f35ae9d39daed01c93fa31ef5bd5e216921708c6dd1d72"
"md","step-06-complete","bmm","bmm/workflows/1-analysis/create-product-brief/steps/step-06-complete.md","dea45daaba49d25b04f8aa471b6d1683389ed464c0df317b27740f36387bd584"
"md","step-06-design-system","bmm","bmm/workflows/2-plan-workflows/create-ux-design/steps/step-06-design-system.md","75ec37554300843a1e4c205b65d21ed063d93878096ca5a6345175685545b7a3"
"md","step-06-final-assessment","bmm","bmm/workflows/3-solutioning/check-implementation-readiness/steps/step-06-final-assessment.md","477c1f4d8e134c82ba2b1e0b6baa96264e94544a1b2e0a605ebe2c2b45e30554"
"md","step-06-innovation","bmm","bmm/workflows/2-plan-workflows/create-prd/steps-c/step-06-innovation.md","2af28742056e8367a5770f57bb260eb658b86acd841a989c5ee2f6b61f095cc2"
"md","step-06-research-completion","bmm","bmm/workflows/1-analysis/research/market-steps/step-06-research-completion.md","b55a21a4840181a2b087c09fd792eac45e44976ae3b3cc388c2422989f5186ea"
"md","step-06-research-synthesis","bmm","bmm/workflows/1-analysis/research/domain-steps/step-06-research-synthesis.md","f4280869c5f645b6dd1d234241cd0f82b662bab3476d591c8237d488475babda"
"md","step-06-research-synthesis","bmm","bmm/workflows/1-analysis/research/technical-steps/step-06-research-synthesis.md","a2a3b0eeb88e755f49f05f268a56c2ef6544fe4743a7eb8d1ddf706fdb7715d6"
"md","step-06-resolve-findings","bmm","bmm/workflows/bmad-quick-flow/quick-dev/steps/step-06-resolve-findings.md","db218ada2927086696b8100c1555fab8d52a96d13cd252bf63f74ac25a711c04"
"md","step-06-structure","bmm","bmm/workflows/3-solutioning/create-architecture/steps/step-06-structure.md","cad1191d4b0f6a83920319ebdf27e7574b6abcd4bd733c477dddadccf3e3315f"
"md","step-07-defining-experience","bmm","bmm/workflows/2-plan-workflows/create-ux-design/steps/step-07-defining-experience.md","4810896a661c7bc86db684045a2fd30e3f1391d0896101d0ca5862ffdfc5bcc1"
"md","step-07-project-type","bmm","bmm/workflows/2-plan-workflows/create-prd/steps-c/step-07-project-type.md","6c837f04083d8018b4acb17081b46f70b731299b357e9a3c7ae759524fc324b3"
"md","step-07-validation","bmm","bmm/workflows/3-solutioning/create-architecture/steps/step-07-validation.md","a868b74f58ef03ebb74e5b9d22acce888bf6da34f284cb045cd55a302e00283c"
"md","step-08-complete","bmm","bmm/workflows/3-solutioning/create-architecture/steps/step-08-complete.md","30c08960eed8c5a2fc1c9b0c1f56fe103712768431d2f76482cb6a4c5509f9b5"
"md","step-08-scoping","bmm","bmm/workflows/2-plan-workflows/create-prd/steps-c/step-08-scoping.md","0c54f4c4c0313f896032fb4ac41e6ee0384b256bd2d3d6a4f02734935593e7fa"
"md","step-08-visual-foundation","bmm","bmm/workflows/2-plan-workflows/create-ux-design/steps/step-08-visual-foundation.md","449f1f2e6fdf896731e60f9eabc93b6ba4cba9a5f557fcc87a001e27b21cccf1"
"md","step-09-design-directions","bmm","bmm/workflows/2-plan-workflows/create-ux-design/steps/step-09-design-directions.md","96e510b939858189f41b66ae885d0b6a5865613c21c24f87aad757fda5b4223a"
"md","step-09-functional","bmm","bmm/workflows/2-plan-workflows/create-prd/steps-c/step-09-functional.md","f37f48e3572cc9b12666ce01b57e6113ad9fcb82188f82a7c0a89593adc2f3e4"
"md","step-10-nonfunctional","bmm","bmm/workflows/2-plan-workflows/create-prd/steps-c/step-10-nonfunctional.md","7d3f64560feeff42d927e4bd69ab0434423885c5fa83e0032bd7b944a51c45dc"
"md","step-10-user-journeys","bmm","bmm/workflows/2-plan-workflows/create-ux-design/steps/step-10-user-journeys.md","36963e160d1046f17e25b9437460ef519a8d5fea44d3033836928b91cdd1765e"
"md","step-11-component-strategy","bmm","bmm/workflows/2-plan-workflows/create-ux-design/steps/step-11-component-strategy.md","edadf31ae139b64aafbe7677b087c3e1101993dd80cc074d255ec20b75c25403"
"md","step-11-polish","bmm","bmm/workflows/2-plan-workflows/create-prd/steps-c/step-11-polish.md","223214166701f59f90148017003ab85092702f0abcc17970d13358ca27a4c890"
"md","step-12-complete","bmm","bmm/workflows/2-plan-workflows/create-prd/steps-c/step-12-complete.md","216af8a75431910ce7f67df84ea0bd837e68f24790b1d82609acc3ea1bb13620"
"md","step-12-ux-patterns","bmm","bmm/workflows/2-plan-workflows/create-ux-design/steps/step-12-ux-patterns.md","87897829cedcc5bf6407e651ae3d2e2a1cf612907f44cf27eab461b6b92bc6d2"
"md","step-13-responsive-accessibility","bmm","bmm/workflows/2-plan-workflows/create-ux-design/steps/step-13-responsive-accessibility.md","ac01d45b1cd9c218abcc4906440a8a0839c2cfc0399e90920de239d686334192"
"md","step-14-complete","bmm","bmm/workflows/2-plan-workflows/create-ux-design/steps/step-14-complete.md","d14f867fb7a9e41f6fb14debc229369c9a0fb50d87e7b951e3a0f0cf738fb402"
"md","step-e-01-discovery","bmm","bmm/workflows/2-plan-workflows/create-prd/steps-e/step-e-01-discovery.md","fbf6eb69afc5aefb66b4948d7aa24a5f2a6daa160085a2c5b78c255a47ca1a68"
"md","step-e-01b-legacy-conversion","bmm","bmm/workflows/2-plan-workflows/create-prd/steps-e/step-e-01b-legacy-conversion.md","d507d06de94b9e9a185c3cba6c9aeff5770d7c0e1aa5384e5278c9659d358d3c"
"md","step-e-02-review","bmm","bmm/workflows/2-plan-workflows/create-prd/steps-e/step-e-02-review.md","3f4d60e802095b62342ee0af07fdb9912b39d10ec3f36ebe4a354b2f336d90b0"
"md","step-e-03-edit","bmm","bmm/workflows/2-plan-workflows/create-prd/steps-e/step-e-03-edit.md","5c8fb979e0e719a2c6801866d06ea98495b6b85c2a6f81ea9fe12eacb6694bb9"
"md","step-e-04-complete","bmm","bmm/workflows/2-plan-workflows/create-prd/steps-e/step-e-04-complete.md","b20fb364ffb23e6e6514c56b1cb21c739e0219d9885b8bcae5fded315b1d00c2"
"md","step-v-01-discovery","bmm","bmm/workflows/2-plan-workflows/create-prd/steps-v/step-v-01-discovery.md","c4a3530182934627205e08c96fb732654a4a1f1079f7e66a86ffaa239ef21150"
"md","step-v-02-format-detection","bmm","bmm/workflows/2-plan-workflows/create-prd/steps-v/step-v-02-format-detection.md","a1ad3032654c759c0111801a533bf68a8b841b5b2efd32947217c4286e1029f7"
"md","step-v-02b-parity-check","bmm","bmm/workflows/2-plan-workflows/create-prd/steps-v/step-v-02b-parity-check.md","9285dab13b9b10901ac3e89c19fba59af5b97c360c387ff526144bec824ee693"
"md","step-v-03-density-validation","bmm","bmm/workflows/2-plan-workflows/create-prd/steps-v/step-v-03-density-validation.md","2671fa76bb53ec523944d1dc706d804ca353e9422f29609a9b423d2b2a7a114c"
"md","step-v-04-brief-coverage-validation","bmm","bmm/workflows/2-plan-workflows/create-prd/steps-v/step-v-04-brief-coverage-validation.md","d0fd2b63610a7ae7c6a8f1aca716d8d208f908599583e389a03fab643d4803c9"
"md","step-v-05-measurability-validation","bmm","bmm/workflows/2-plan-workflows/create-prd/steps-v/step-v-05-measurability-validation.md","2d32a4cc033a9a977543e268db617eca82488eae13ef754dd4bcac7105e8533a"
"md","step-v-06-traceability-validation","bmm","bmm/workflows/2-plan-workflows/create-prd/steps-v/step-v-06-traceability-validation.md","cec17c3a8dba4d9f170ea3150254d95f17658f4ae8c7d6ee68cd63ebcafbfaba"
"md","step-v-07-implementation-leakage-validation","bmm","bmm/workflows/2-plan-workflows/create-prd/steps-v/step-v-07-implementation-leakage-validation.md","54ececda83a674e1e609168b56b8083cb596a256cae220197b0e46c287c61248"
"md","step-v-08-domain-compliance-validation","bmm","bmm/workflows/2-plan-workflows/create-prd/steps-v/step-v-08-domain-compliance-validation.md","7f21ad977150d9280b2a7ede37b76305bd42d48ee00176d146b522deeb02494e"
"md","step-v-09-project-type-validation","bmm","bmm/workflows/2-plan-workflows/create-prd/steps-v/step-v-09-project-type-validation.md","a8769227f61fc2512bcfb89122a561943dcbb51c5c8d703e8112b1ff5dc7da08"
"md","step-v-10-smart-validation","bmm","bmm/workflows/2-plan-workflows/create-prd/steps-v/step-v-10-smart-validation.md","27562540637294a5ce90bb04c6be73ffa0a3a90bde1af0ccefc5726e5abe1752"
"md","step-v-11-holistic-quality-validation","bmm","bmm/workflows/2-plan-workflows/create-prd/steps-v/step-v-11-holistic-quality-validation.md","2801e95ede2fa75b1d3e8dffac0bccc0b5a1b52784616ca07f2cd2a22d181b94"
"md","step-v-12-completeness-validation","bmm","bmm/workflows/2-plan-workflows/create-prd/steps-v/step-v-12-completeness-validation.md","612ae0afb762034b8b479c70458d4848bffc72ccad3a7a2a87a563fd059cf7aa"
"md","step-v-13-report-complete","bmm","bmm/workflows/2-plan-workflows/create-prd/steps-v/step-v-13-report-complete.md","edf6d5087c3ced4b9f4e2cf1d6664c2523d801c6c4880038ca104a60b72a126f"
"md","tech-spec-template","bmm","bmm/workflows/bmad-quick-flow/quick-dev-new-preview/tech-spec-template.md","9c41e1ad4c07627a0978ab2d5b87a53357e3e2a1222b01a57a640cbacd010a09"
"md","tech-spec-template","bmm","bmm/workflows/bmad-quick-flow/quick-spec/tech-spec-template.md","7186c7c1a8a327b3e9598f2711666540736569f46fd0ba5751f0f2c03e5e9a01"
"md","template","bmm","bmm/workflows/4-implementation/create-story/template.md","31c35d74f9c84250b0b3574ca02c3041b243342e365e1c190a2d27b9971e9aab"
"md","ux-design-template","bmm","bmm/workflows/2-plan-workflows/create-ux-design/ux-design-template.md","e3243405e033ac20fc1f39f2ec39f60629a00599b7638b5b17be8ce1cb65974c"
"md","workflow","bmm","bmm/workflows/1-analysis/create-product-brief/workflow.md","db1bab1712df455a6049c642b09af21dc8b6c5955cb7152ecc72d12adaac7c7e"
"md","workflow","bmm","bmm/workflows/2-plan-workflows/create-ux-design/workflow.md","6965fad7419faff8686f4ea3fbb1703d6c50abb5799cd570d64ded2d53954307"
"md","workflow","bmm","bmm/workflows/3-solutioning/check-implementation-readiness/workflow.md","ce10053b4495eb2efb28bc3f161aa35f64f5db4bf842c152c183b887bb00f67b"
"md","workflow","bmm","bmm/workflows/3-solutioning/create-architecture/workflow.md","d43f16d41d03dd9d3a2e7b72e03fe50417a889bfcdaba54ea2013a4496108a9d"
"md","workflow","bmm","bmm/workflows/3-solutioning/create-epics-and-stories/workflow.md","8669983e382ebf32a5152e6e67df22b63ea03edd2e1466e4cb9a9a6428aeb06e"
"md","workflow","bmm","bmm/workflows/bmad-quick-flow/quick-dev/workflow.md","222e5077dd00e75b6c3e1858608945e65f19ff935ca8252e6e6747c72b228596"
"md","workflow","bmm","bmm/workflows/bmad-quick-flow/quick-dev-new-preview/workflow.md","caf35c5e99c089889af14aa1c6374ccc3dcc013c3add7bb3160b026a2e843326"
"md","workflow","bmm","bmm/workflows/bmad-quick-flow/quick-spec/workflow.md","35fd7f2b0090ba41dd563770cdfa17c63f24139499ba719785f0ef77b10eb2dc"
"md","workflow","bmm","bmm/workflows/generate-project-context/workflow.md","7af43a9ba0b36fe73fb0211836d785052ade85127e6b3fdd779430a0e897b122"
"md","workflow-create-prd","bmm","bmm/workflows/2-plan-workflows/create-prd/workflow-create-prd.md","9c0f055fcb1f681d9726f4f8365e18c824ab78d9292c2fc9225a052b96c9d972"
"md","workflow-domain-research","bmm","bmm/workflows/1-analysis/research/workflow-domain-research.md","e3d73afeab177c33a54872fd98bcc7697487bbc4bda4fea1ee61f7cd86231c50"
"md","workflow-edit-prd","bmm","bmm/workflows/2-plan-workflows/create-prd/workflow-edit-prd.md","d308ce9d976de4bc2a9bd7f7ca482e192321d3fe9b4d61a84c6766e2bc33bdbe"
"md","workflow-market-research","bmm","bmm/workflows/1-analysis/research/workflow-market-research.md","82a9c11a47b07cb2b7b86fa0a2fc3b4ed3e45f3f113b17e86d69829e40a54e2d"
"md","workflow-technical-research","bmm","bmm/workflows/1-analysis/research/workflow-technical-research.md","6df0e9cf715d19c28925b37e0e0256ddb0ae21b7507968274319a2eee69648d4"
"md","workflow-validate-prd","bmm","bmm/workflows/2-plan-workflows/create-prd/workflow-validate-prd.md","5abb85e5fe5137d4d222c9c2166bdf941aa39c4e4f44f027c62c8ba3eecd9a32"
"xml","instructions","bmm","bmm/workflows/4-implementation/code-review/instructions.xml","607dbe479de12bad9919822f1ad96d2b3ad09357cc6fa0ed06cfed2071810587"
"xml","instructions","bmm","bmm/workflows/4-implementation/create-story/instructions.xml","b84830e0a2cf742e0af82474bbec718937158b6e0b02179b94a8ba6bafb5e2bf"
"xml","instructions","bmm","bmm/workflows/4-implementation/dev-story/instructions.xml","98ba6fce01be9d35702446d23fef2994d4c4fd92f43657015242144a080a0177"
"yaml","config","bmm","bmm/config.yaml","61909a3a94d96e3ea48df52bddda13e7795a2126dd585b19fb74c2ff8753682a"
"yaml","deep-dive","bmm","bmm/workflows/document-project/workflows/deep-dive.yaml","d648ecfb4ab3aa34f9ed9bc4b367400b4a719db715bef4534e88507fbdae807d"
"yaml","full-scan","bmm","bmm/workflows/document-project/workflows/full-scan.yaml","3d6ea9abe0d078bddbb0c2fd416124bffe4a0d4aebe10a8fe8c6a3888bf32bc8"
"yaml","sprint-status-template","bmm","bmm/workflows/4-implementation/sprint-planning/sprint-status-template.yaml","7bad0cc622ecbd33346d76f625333ff7c4d8aa21d48ce27075050f79a1a58065"
"yaml","team-fullstack","bmm","bmm/teams/team-fullstack.yaml","debb100bfda3790c568422c40bd93be96b9ef641a147eb85769fb404a23e1a67"
"yaml","workflow","bmm","bmm/workflows/4-implementation/code-review/workflow.yaml","2aa996f9e7a3bfea705379c40d7a2f361d4f4eaec4e672672c142276c74a5066"
"yaml","workflow","bmm","bmm/workflows/4-implementation/correct-course/workflow.yaml","ab55fdd6be917d0c68c112a5281a757a88f909163bb2a7d10b22d098fdda5471"
"yaml","workflow","bmm","bmm/workflows/4-implementation/create-story/workflow.yaml","f1c015796f6ad38e98ff6a64414cba9f392f63e503b450b66e27e03b45982c85"
"yaml","workflow","bmm","bmm/workflows/4-implementation/dev-story/workflow.yaml","cf1500c2545c7e097bcd14459e72bb0b094757c04ee8ea4f89caf0e0b55c63fb"
"yaml","workflow","bmm","bmm/workflows/4-implementation/retrospective/workflow.yaml","8483a7a1dae67e59bb729bda94bd0870bb24c1a28856b3d328aee96fc9adc7b1"
"yaml","workflow","bmm","bmm/workflows/4-implementation/sprint-planning/workflow.yaml","cd9f6b550fe1fd4573c0c7451a0dac801643c389566145605ad5750d5039aa07"
"yaml","workflow","bmm","bmm/workflows/4-implementation/sprint-status/workflow.yaml","938265d36947d610c4f5f2e4b5c3922ec3e53c4fc9514ed2e407f61710f075d5"
"yaml","workflow","bmm","bmm/workflows/document-project/workflow.yaml","d9a2c7cfeb57c08d4fba66aa9549995c1b3d6cb0db8a00d58567f5fcae787265"
"yaml","workflow","bmm","bmm/workflows/qa-generate-e2e-tests/workflow.yaml","6186de4d63a9a1a7fd33ca2a8866bdd05c351d6a4d86f99e7d0050735f40a859"
"csv","brain-methods","core","core/workflows/brainstorming/brain-methods.csv","ac6b25211f30e35d0f6390f165d4a68abb66a4553bae039a7162f4e6dd3594d2"
"csv","methods","core","core/workflows/advanced-elicitation/methods.csv","5919c987bd12404753cdb21a534619422903210bbb8430da0f91364c36e48b53"
"csv","module-help","core","core/module-help.csv","6ba28c344474b7377bdd15879d7f1f93dcec2b74687e0d236c9165992f68db36"
"md","help","core","core/tasks/help.md","abfee62a2d3fba6531c2e3fd8cdbba4464f1a2d38fd1382b403e0d39ac8f31e4"
"md","step-01-agent-loading","core","core/workflows/party-mode/steps/step-01-agent-loading.md","469004ceccb6e7eb644e27dfa6bd172bb0aa358c4bd1f9d4316419bf0b4b903e"
"md","step-01-session-setup","core","core/workflows/brainstorming/steps/step-01-session-setup.md","997c7d63ca22a33565755c8333211893fb3cac33b02bd7d115f62c6c32fac6a9"
"md","step-01b-continue","core","core/workflows/brainstorming/steps/step-01b-continue.md","fa754658337edd033a5f9ce859e881267eb2f367133a95c5998a5c88c610c688"
"md","step-02-discussion-orchestration","core","core/workflows/party-mode/steps/step-02-discussion-orchestration.md","d42cbecf367ec74907ca7a04f88ea0ed63532144436fd8c799cfb0ad2b17adff"
"md","step-02a-user-selected","core","core/workflows/brainstorming/steps/step-02a-user-selected.md","8d1a946987876aa1febbd217c33b4c9864acedce44586a00c30a44443ffacc05"
"md","step-02b-ai-recommended","core","core/workflows/brainstorming/steps/step-02b-ai-recommended.md","913f01b656ba9d796f51c84bd89397ea0492158e2f9fcc885c2bd603768a2411"
"md","step-02c-random-selection","core","core/workflows/brainstorming/steps/step-02c-random-selection.md","9a030b0adc9ce7cf69c2b2d8a7b54833e73a77efb541d50abb9e5ecec0463541"
"md","step-02d-progressive-flow","core","core/workflows/brainstorming/steps/step-02d-progressive-flow.md","f25013a46e60fda842a79c8b4d518e801760e18945124e8a5a155b9f4f0293f1"
"md","step-03-graceful-exit","core","core/workflows/party-mode/steps/step-03-graceful-exit.md","21952bb0e3e25b345942b553a2cf08f58dee3a1e1a6ac6931b7229be2f440dee"
"md","step-03-technique-execution","core","core/workflows/brainstorming/steps/step-03-technique-execution.md","c30c56ba85d51233963007952e0ba4139b3ce96aac588e1a4e9235fe0041dd8b"
"md","step-04-idea-organization","core","core/workflows/brainstorming/steps/step-04-idea-organization.md","9cfc0b8941a8002bbdb2c1f6c06f532fcbbcd490c42d49f8369f4629fe1fc231"
"md","template","core","core/workflows/brainstorming/template.md","016492ff5f6ddcf1d2a80b1891eb3a9f473bd108d753b8fe56ade4265cf0f25f"
"md","workflow","core","core/workflows/brainstorming/workflow.md","daaa2a9d0cd8b05d0fbc7cb999c62edf545c19c101dae7a2fc18677c00505a56"
"md","workflow","core","core/workflows/party-mode/workflow.md","cfefbe4b6cb757875b9c0f58274b4c8c29161c216ebfac7f382ad7974387cc95"
"xml","editorial-review-prose","core","core/tasks/editorial-review-prose.xml","519264ded2915b3f8c09eb6fc23f548430e8fdc8e061e1b350fb9a0692f13e38"
"xml","editorial-review-structure","core","core/tasks/editorial-review-structure.xml","4cbfe12a8de74e7cf8f98a6fcd4aae8dae332d76d24d7cb45d191c5902452d17"
"xml","index-docs","core","core/tasks/index-docs.xml","b2141a0e26952d70a1ee4a34a7470fc6864594be240752eb508253d647eb5264"
"xml","review-adversarial-general","core","core/tasks/review-adversarial-general.xml","58b92e8ed65af3e8fb16bc83e51f504bf67f5da38aa20508a2e1d4c0838b4bae"
"xml","review-edge-case-hunter","core","core/tasks/review-edge-case-hunter.xml","bd4fff367765de77e302f85ffeb44e0a43fa27679ab8b5032db0d115fa33eee4"
"xml","shard-doc","core","core/tasks/shard-doc.xml","088da7bf7aab90cae60033d1653a9e8412cdd893bc17d5654f8e7166c7d89b13"
"xml","workflow","core","core/tasks/workflow.xml","4fff5acb6d8e6a7e78a9782f267dc7c5a4baffb051b60b53c0c2745b7533477f"
"xml","workflow","core","core/workflows/advanced-elicitation/workflow.xml","002d95a14868051d2a6f250b3d35f24058550688b9cfadc86f63239090f3142c"
"yaml","config","core","core/config.yaml","ea87a365b5449418c78fad447b112dc7455e5b9ac47ebda3fbccddedf934d705"
